time,cpu,ram,network
1679769801.7018511,20.0,,38943828
1679769802.702516,28.0,,38946821
1679769803.7031012,7.4,,38948575
1679769804.7034643,11.8,,38949179
1679769805.7041101,8.0,,38951189
1679769806.704759,7.1,,38951668
